,area,perimeter,eccentricity,solidity,major_axis_length,minor_axis_length,circularity
count,1691.0,1691.0,1691.0,1691.0,1691.0,1691.0,1691.0
mean,663.7066824364282,97.0066955677789,0.6940075494165789,0.9336095704222123,32.942829759979084,21.288573372980526,0.7837087145625434
std,835.7281261846739,68.29065187057327,0.15644667316894786,0.043211607449085004,23.514012351360524,11.115249530213712,0.163616599871817
min,17.0,14.828427124746192,0.053442705894078374,0.48836276083467095,6.945774111852881,2.4231771005380613,0.12207650652635933
25%,181.0,50.748737341529164,0.6009498141877325,0.9215619399192145,18.581787262492703,12.369834800963721,0.6824608652238988
50%,455.0,87.89949493661166,0.7164911770418014,0.9433962264150944,28.807886198938387,20.144468174636135,0.7533822072087759
75%,777.5,121.42640687119285,0.8070504697249524,0.9587392414641067,41.11909023834973,25.79382484630847,0.9356984996350395
max,16562.0,1305.7056274847714,0.9955056244997254,1.0,481.97387239553535,92.62126106479785,1.1681835028404206
